Latitude,Longitude,Crop Type,City Name,Temperature,Humidity,Wind Speed,Weather Description,2023 IN MM,2022 IN MM,Profitability 2022,Profitability 2023,Soil Acidity Level,Farmer id,Credit_Score,Farmer_ID,Predicted_Credit_Score
19.07609,139.691711,Cotton,Agra,15,55,9,Clear,532,551,1,5,3,1,752.3595506,1,726.00323
19.07609,37.617298,Passion Fruit,Ahmedabad,1,32,12,Clear,729,705,5,1,5,2,454.0190147,2,454.0673
19.07609,-74.005974,Oats,Aizawl,17,22,27,Sunny,928,799,1,1,3,3,525.1203852,3,524.95
19.07609,-118.243683,Beetroot,Ajmer,18,54,7,Sunny,868,916,1,1,1,4,531.741573,4,531.3971
19.07609,13.404954,Ashwagandha,Aligarh,10,43,22,Clear,723,908,5,1,3,5,377.381534,5,377.3546
19.07609,2.352222,Cotton,Allahabad (Prayagraj),12,100,12,Light Rain,686,996,1,1,3,6,379.8617113,6,379.9049
19.07609,-0.127758,Cucumber,Amaravati,13,82,8,Clear,728,579,1,1,5,7,456.5543071,7,457.05792
19.07609,-122.419418,Cotton,Ambala,14,77,11,Partly cloudy,717,586,5,1,1,8,380.3370787,8,380.01434
19.07609,72.877426,Bitter Gourd,Amritsar,27,74,8,Haze,1066,1178,5,1,5,9,456.5543071,9,456.5812
19.07609,70.800705,Mushrooms,Aurangabad,27,30,9,Clear ,719,528,1,5,3,10,678.2022472,10,678.3818
22.308155,37.617298,Papaya,Bangalore (Bengaluru),1,32,12,Clear,894,973,1,5,1,11,676.4909248,11,676.71326
22.308155,13.404954,Bitter Gourd,Bareilly,10,43,22,Clear,668,754,1,1,3,12,377.381534,12,377.3546
22.308155,-118.243683,Drumstick,Belgaum (Belagavi),18,54,7,Sunny,1417,1357,1,1,5,13,605.8988764,13,589.62225
22.308155,2.352222,Cotton,Bhagalpur,12,100,12,Light Rain,896,734,1,1,1,14,379.8617113,14,379.88904
22.308155,-0.127758,Cucumber,Bharatpur,13,82,8,Clear,1690,1168,5,5,3,15,679.0262172,15,678.97784
22.308155,-122.419418,Millets,Bhatinda,14,77,11,Partly cloudy,764,839,1,1,1,16,380.3370787,16,380.01434
22.308155,139.691711,Coriander (Dhaniya),Bhilai,15,55,6,Clear,883,849,1,1,1,17,458.9085072,17,458.89178
22.308155,72.877426,Kiwi,Bhiwandi,27,74,8,Haze,701,836,5,5,5,18,753.1835206,18,753.2161
22.308155,-0.127758,Linseed,Bhopal,13,82,7,Clear,962,826,1,5,3,19,680.0561798,19,679.70544
22.308155,70.800705,Oats,Bhubaneswar,27,30,9,Clear ,583,640,5,5,5,20,752.3595506,20,752.34143
22.308155,-74.005974,Linseed,Bikaner,17,22,33,Sunny,1043,1746,5,5,1,21,821.2822208,21,821.1648
22.308155,-122.419418,Garlic,Bilaspur,14,77,14,Partly cloudy,1990,2608,1,1,5,22,453.258427,22,452.85104
22.308155,-118.243683,Cherry,Bokaro,18,54,10,Sunny,1006,974,1,5,3,23,825.8426966,23,826.92615
34.052235,70.800705,Cocoa,Chandigarh,27,30,9,Clear ,587,736,1,1,5,24,455.7303371,24,455.77847
34.052235,-122.419418,Black Gram,Chennai,14,77,14,Partly cloudy,868,1126,5,5,1,25,675.7303371,25,675.8885
34.052235,139.691711,Jute,Coimbatore,15,55,6,Clear,907,716,1,5,5,26,829.6950241,26,829.8305
34.052235,37.617298,Groundnut,Cuttack,1,32,12,Clear,892,1091,1,5,3,27,676.4909248,27,676.1506
34.052235,-118.243683,Jute,Dehradun,18,54,10,Sunny,1402,1892,5,1,1,28,529.2134831,28,529.16833
34.052235,-74.005974,Bottle Gourd,Delhi,17,22,33,Sunny,558,518,5,5,3,29,821.2822208,29,821.72363
34.052235,-0.127758,Papaya,Dhanbad,13,82,7,Clear,1256,1669,1,5,5,30,754.2134831,30,754.5542
34.052235,2.352222,Beans,Dibrugarh,12,100,12,Light Rain,1933,2726,1,1,1,31,379.8617113,31,379.88904
34.052235,13.404954,Quinoa,Durgapur,10,43,22,Clear,721,928,1,1,3,32,377.381534,32,377.3546
34.052235,72.877426,Chili,Faridabad,27,74,8,Haze,2390,3332,5,5,1,33,679.0262172,33,678.847
35.689487,-122.419418,Apple,Firozabad,14,77,14,Partly cloudy,948,1038,1,1,1,34,379.1011236,34,379.49756
35.689487,13.404954,Pineapple,Gandhinagar,10,43,22,Clear,532,551,5,1,5,35,451.5388373,35,451.51852
35.689487,70.800705,Bottle Gourd,Ghaziabad,27,30,9,Clear ,729,705,1,5,3,36,678.2022472,36,678.3818
35.689487,-0.127758,Ginger,Gorakhpur,13,82,7,Clear,928,799,1,1,5,37,457.5842697,37,457.35175
35.689487,72.877426,Tomato,Gulbarga (Kalaburagi),27,74,8,Haze,868,916,5,1,1,38,382.3970037,38,382.53302
35.689487,37.617298,Tobacco,Guntur,1,32,12,Clear,723,908,5,1,5,39,454.0190147,39,454.0673
35.689487,-118.243683,Lychee,Gurgaon (Gurugram),18,54,10,Sunny,686,996,5,1,3,40,529.2134831,40,529.1229
35.689487,-74.005974,Lemon,Guwahati,17,22,33,Sunny,728,579,5,5,5,41,895.4395241,41,894.99396
35.689487,2.352222,Banana,Gwalior,12,100,12,Light Rain,717,586,1,5,3,42,676.4909248,42,676.45325
35.689487,139.691711,Blueberry,Hubli-Dharwad,15,55,6,Clear,1066,1178,5,1,1,43,458.9085072,43,458.89178
35.689487,-122.419418,Beetroot,Hyderabad,14,81,14,Partly cloudy,719,528,1,1,3,44,379.1011236,44,379.26804
37.774929,70.800705,Groundnut,Imphal,27,30,9,Clear ,894,973,5,1,3,45,381.5730337,45,381.53836
37.774929,139.691711,Linseed,Indore,15,55,6,Clear,668,754,1,5,5,46,829.6950241,46,829.8305
37.774929,37.617298,Green Gram,Jabalpur,1,32,12,Clear,1417,1357,5,5,1,47,676.4909248,47,676.71326
37.774929,-118.243683,Cotton,Jaipur,18,54,10,Sunny,896,734,1,5,5,48,900,48,898.44556
37.774929,-122.419418,Papaya,Jalandhar,14,77,14,Partly cloudy,1690,1168,1,1,3,49,379.1011236,49,379.45215
37.774929,-74.005974,Date Palm,Jammu,17,22,33,Sunny,764,839,1,1,1,50,524.6530073,50,525.1009
37.774929,-0.127758,Papaya,Jamshedpur,13,82,7,Clear,883,849,5,5,3,51,680.0561798,51,679.70544
37.774929,2.352222,Beetroot,Jhansi,12,100,12,Light Rain,701,836,1,1,5,52,454.0190147,52,453.7668
37.774929,13.404954,Papaya,Jodhpur,10,43,22,Clear,962,826,5,1,1,53,377.381534,53,377.41556
37.774929,72.877426,Tea,Kannur,27,74,8,Haze,583,640,5,5,3,54,679.0262172,54,679.2253
40.712776,2.352222,Chickpeas,Kanpur,12,100,12,Light Rain,1043,1746,5,5,1,55,676.4909248,55,676.558
40.712776,70.800705,Aloe Vera,Karnal,27,30,9,Clear ,1990,2608,1,5,1,56,678.2022472,56,678.1114
40.712776,-122.419418,Jatropha,Kochi,14,77,14,Partly cloudy,1006,974,5,1,5,57,453.258427,57,452.85104
40.712776,13.404954,Cowpea,Kohima,10,43,22,Clear,587,736,5,1,3,58,377.381534,58,377.3546
40.712776,-0.127758,Black Gram,Kolhapur,13,82,7,Clear,868,1126,1,1,5,59,457.5842697,59,457.35175
40.712776,72.877426,Strawberry,Kolkata,27,74,8,Haze,907,716,5,5,1,60,679.0262172,60,678.847
40.712776,37.617298,Quinoa,Kollam,1,32,12,Clear,892,1091,5,1,5,61,454.0190147,61,454.0673
40.712776,-118.243683,Quinoa,Kota,18,54,10,Sunny,1402,1892,5,1,3,62,529.2134831,62,529.1229
40.712776,-74.005974,Date Palm,Kozhikode,17,22,33,Sunny,558,518,5,1,5,63,598.8103106,63,598.63934
40.712776,139.691711,Cardamom,Kurnool,15,55,6,Clear,1256,1669,5,5,1,64,755.5377207,64,754.8125
40.712776,-122.419418,Coconut,Lucknow,14,81,14,Partly cloudy,1933,2726,5,1,5,65,453.258427,65,452.96704
40.712776,-0.127758,Cardamom,Ludhiana,11,87,7,Partly cloudy,721,928,1,1,3,66,383.4269663,66,383.90955
40.712776,-118.243683,Bael,Madurai,21,39,10,Sunny,2390,3332,5,5,1,67,751.6853933,67,751.8372
40.712776,13.404954,Sunflower,Mangalore (Mangaluru),10,46,22,Clear,948,1038,1,5,3,68,674.0107474,68,676.00226
40.712776,-74.005974,Wheat,Mathura,16,22,33,Overcast,532,551,1,1,5,69,524.6530073,69,475.04224
48.856613,70.800705,Bitter Gourd,Meerut,27,30,9,Clear ,729,705,1,5,1,70,678.2022472,70,678.1114
48.856613,2.352222,Broccoli,Moradabad,12,100,12,Light Rain,928,799,1,1,3,71,379.8617113,71,379.9049
48.856613,-0.127758,Bottle Gourd,Mumbai,11,87,7,Partly cloudy,868,916,1,1,1,72,383.4269663,72,383.89368
48.856613,37.617298,Lettuce,Mysore (Mysuru),0,34,12,Clear,723,908,5,5,1,73,676.4909248,73,676.6779
48.856613,139.691711,Tulsi,Nagpur,15,55,6,Clear,686,996,5,5,5,74,829.6950241,74,829.8305
48.856613,-118.243683,Jute,Nashik,21,39,10,Sunny,728,579,5,5,3,75,751.6853933,75,750.57056
48.856613,72.877426,Soybean,Nellore,27,74,8,Haze,717,586,5,1,5,76,456.5543071,76,456.5812
48.856613,13.404954,Betel Leaf,Noida,10,46,22,Clear,1066,1178,1,5,1,77,674.0107474,77,673.05695
48.856613,-74.005974,Quinoa,Patna,16,22,33,Overcast,719,528,5,5,5,78,821.2822208,78,821.2129
48.856613,-122.419418,Turmeric,Pondicherry (Puducherry),14,81,14,Partly cloudy,894,973,5,1,1,79,379.1011236,79,379.31345
51.507351,139.691711,Onion,Pune,15,55,6,Clear,668,754,5,5,1,80,755.5377207,80,754.8125
51.507351,2.352222,Pomegranate,Raipur,12,100,12,Light Rain,1417,1357,1,1,3,81,379.8617113,81,379.9049
51.507351,-0.127758,Banana,Rajahmundry,11,87,7,Partly cloudy,896,734,1,5,5,82,754.2134831,82,753.6734
51.507351,-0.127758,Orange,Rajkot,12,88,7,Partly cloudy,1690,1168,1,5,5,83,754.2134831,83,753.7339
51.507351,-74.005974,Cumin,Ranchi,16,22,33,Overcast,764,839,1,5,3,84,747.1249174,84,746.36707
51.507351,-122.419418,Green Gram,Rourkela,14,81,14,Partly cloudy,883,849,1,5,5,85,749.8876404,85,750.0035
51.507351,72.877426,Horse Gram,Salem,27,74,8,Haze,701,836,1,1,5,86,456.5543071,86,456.5812
51.507351,13.404954,Shatavari,Siliguri,10,46,22,Clear,962,826,5,1,3,87,377.381534,87,377.13638
51.507351,-118.243683,Red Gram,Solapur,21,39,10,Sunny,583,640,5,5,1,88,751.6853933,88,751.8372
51.507351,70.800705,Drumstick,Srinagar,27,30,9,Clear ,1043,1746,1,5,5,89,752.3595506,89,752.34143
51.507351,37.617298,Betel Leaf,Surat,0,34,12,Clear,1990,2608,1,1,3,90,379.8617113,90,380.00497
52.520008,13.404954,Coconut,Thane,10,46,22,Clear,1006,974,1,1,3,91,377.381534,91,377.13638
52.520008,2.352222,Cabbage,Thiruvananthapuram,12,100,12,Light Rain,587,736,1,1,1,92,379.8617113,92,379.88904
52.520008,-122.419418,Rubber,Thrissur,14,81,14,Partly cloudy,868,1126,5,5,5,93,749.8876404,93,750.0035
52.520008,13.404954,Papaya,Tiruchirappalli,9,50,22,Clear,907,716,5,5,3,94,748.1680508,94,746.896
52.520008,-74.005974,Bamboo Shoots,Tirunelveli,16,22,33,Overcast,892,1091,1,1,1,95,450.4957039,95,450.34924
52.520008,-118.243683,Avocado,Tirupati,21,39,10,Sunny,1402,1892,1,1,3,96,455.0561798,96,456.10477
52.520008,-0.127758,Blueberry,Udaipur,12,88,7,Partly cloudy,558,518,1,5,3,97,680.0561798,97,680.09595
52.520008,70.800705,Muskmelon,Ujjain,27,30,9,Clear ,1256,1669,5,5,5,98,752.3595506,98,752.34143
52.520008,72.877426,Avocado,Vadodara,27,74,8,Haze,1933,2726,5,1,3,99,382.3970037,99,382.4876
52.520008,139.691711,Arecanut,Varanasi,15,55,6,Clear,721,928,1,1,1,100,458.9085072,100,458.89178
52.520008,37.617298,Moringa,Vellore,0,34,12,Clear,2390,3332,1,5,1,101,676.4909248,101,676.6779
55.755825,13.404954,Oats,Vijayawada,9,50,22,Clear,948,1038,5,1,3,102,451.5388373,102,451.23074
55.755825,70.800705,Rye,Visakhapatnam,27,30,9,Clear ,532,551,1,5,5,103,752.3595506,103,752.34143
55.755825,-118.243683,Turmeric,Warangal,21,39,10,Sunny,729,705,5,5,5,104,825.8426966,104,825.7365
55.755825,-122.419418,Chickpeas,Yamunanagar,14,81,14,Partly cloudy,928,799,5,5,3,105,675.7303371,105,675.85767
55.755825,139.691711,Bael,Yavatmal,15,55,6,Clear,868,916,5,1,1,106,458.9085072,106,458.89178
55.755825,-0.127758,Coconut,Satna,12,88,7,Partly cloudy,723,908,1,1,5,107,457.5842697,107,457.58176
55.755825,37.617298,Fennel,Rewa,0,34,12,Clear,686,996,5,1,3,108,379.8617113,108,380.00497
55.755825,72.877426,Cumin,Bhavnagar,27,74,8,Haze,728,579,1,5,5,109,753.1835206,109,753.2161
55.755825,-74.005974,Turmeric,Karimnagar,16,22,33,Overcast,717,586,1,5,1,110,747.1249174,110,734.9085
55.755825,2.352222,Pigeon Pea,Sambalpur,12,100,12,Light Rain,1066,1178,5,1,3,111,379.8617113,111,379.9049
